<?xml version="1.0" encoding="UTF-8" ?>
    <widget xmlns = "http://www.w3.org/ns/widgets"
        xmlns:gap   = "http://phonegap.com/ns/1.0"
        id          = "com.tdnr.dhbw2go"
        version     = "1.0.0"
        versionCode = "10" >

        <!-- versionCode is optional and Android only -->

        <preference name="phonegap-version" value="3.3.0" />

        <name>DHBW2Go Android</name>

        <description>
        Phonegap doc.
        </description>

        <author href="www.dhbw2go.de" email="kontakt@dhbw2go.de">
        Nils Rhode
        </author>
        
        <content src="index.html" />
        <access origin="*" />
        <preference name="Fullscreen" value="true" />
        <preference name="WebViewBounce" value="true" />
		<preference name="Orientation" value="default" />

		
        <gap:plugin name="org.apache.cordova.device" />
        <gap:plugin name="org.apache.cordova.file" />
        <gap:plugin name="org.apache.cordova.file" />
        <gap:plugin name="org.apache.cordova.network-information" />
        <gap:plugin name="nl.x-services.plugins.calendar" />
        <gap:plugin name="io.github.pwlin.cordova.plugins.fileopener" />

    </widget>

